{
    "1": {
        "cell": {
            "__ndarray__": [
                [
                    3,
                    3
                ],
                "float64",
                [
                    0,
                    0,
                    0,
                    0,
                    0,
                    0,
                    0,
                    0,
                    0
                ]
            ]
        },
        "ctime": 24.12213868521684,
        "mtime": 24.12213868521684,
        "numbers": {
            "__ndarray__": [
                [
                    80
                ],
                "int64",
                [
                    14,
                    14,
                    14,
                    14,
                    1,
                    14,
                    14,
                    14,
                    6,
                    6,
                    6,
                    6,
                    6,
                    6,
                    6,
                    8,
                    14,
                    14,
                    14,
                    14,
                    1,
                    14,
                    14,
                    14,
                    6,
                    6,
                    6,
                    6,
                    6,
                    6,
                    6,
                    8,
                    14,
                    14,
                    14,
                    14,
                    1,
                    14,
                    14,
                    14,
                    6,
                    6,
                    6,
                    6,
                    6,
                    6,
                    6,
                    8,
                    14,
                    14,
                    14,
                    14,
                    1,
                    14,
                    14,
                    14,
                    6,
                    6,
                    6,
                    6,
                    6,
                    6,
                    6,
                    8,
                    14,
                    14,
                    1,
                    1,
                    1,
                    1,
                    8,
                    8,
                    8,
                    8,
                    8,
                    8,
                    8,
                    8,
                    8,
                    8
                ]
            ]
        },
        "pbc": {
            "__ndarray__": [
                [
                    3
                ],
                "bool",
                [
                    false,
                    false,
                    false
                ]
            ]
        },
        "positions": {
            "__ndarray__": [
                [
                    80,
                    3
                ],
                "float64",
                [
                    1.6250166091,
                    -0.8755680744,
                    19.4369248566,
                    1.6249399738,
                    0.9013008226,
                    14.4912981381,
                    0.080268958,
                    0.0105967799,
                    16.9494075459,
                    0.1094668924,
                    0.0257675578,
                    11.9782234656,
                    1.6242011692,
                    -0.8729273573,
                    28.5895305785,
                    1.6249591153,
                    0.9022494712,
                    24.4286845582,
                    0.0864099664,
                    0.0150032409,
                    26.9207965748,
                    0.0884496712,
                    0.0141810967,
                    21.9350503492,
                    1.6242856076,
                    -0.8757839966,
                    17.5351634355,
                    1.6282872773,
                    0.9009735793,
                    12.6515674835,
                    0.0788908948,
                    0.0104020402,
                    15.0647589409,
                    1.6243743757,
                    -0.8727550266,
                    27.4806205316,
                    1.6252417326,
                    0.9015841895,
                    22.5334468703,
                    0.0868066269,
                    0.0142772865,
                    25.0319192238,
                    0.088624591,
                    0.0141019754,
                    20.0441561151,
                    0.3144613755,
                    0.1372227236,
                    10.3297976993,
                    3.1635985376,
                    1.789532612,
                    19.4369283007,
                    3.1571323584,
                    3.5682980275,
                    14.4385864371,
                    1.6235405163,
                    2.6837772583,
                    16.9494462761,
                    1.6271496217,
                    2.654609761,
                    11.9785653494,
                    3.1625987323,
                    1.7914623162,
                    28.5897343049,
                    3.1627237317,
                    3.565824268,
                    24.4272336342,
                    1.6244568952,
                    2.6789783257,
                    26.9209400686,
                    1.62520237,
                    2.6760916452,
                    21.9350372003,
                    3.1632841103,
                    1.789912714,
                    17.5351033248,
                    3.1553597993,
                    3.5708471996,
                    12.5201239047,
                    1.6232969991,
                    2.6854378651,
                    15.0646666968,
                    3.1623023473,
                    1.7910172121,
                    27.4808310798,
                    3.1629368628,
                    3.5652542557,
                    22.5301384485,
                    1.6248580685,
                    2.6783808651,
                    25.0321110116,
                    1.6249582351,
                    2.6753256074,
                    20.0440702955,
                    1.6374361391,
                    2.4258565635,
                    10.3293325072,
                    3.1616267321,
                    -3.5376250508,
                    19.4373524817,
                    3.1656186037,
                    -1.7603222938,
                    14.4363546057,
                    1.6238512304,
                    -2.6499924,
                    16.932117804,
                    1.6228150486,
                    -2.6472907823,
                    11.9308517957,
                    3.1613963892,
                    -3.5356884704,
                    28.5894702101,
                    3.1628462159,
                    -1.7613749655,
                    24.4272534266,
                    1.6244337467,
                    -2.648526942,
                    26.9201256186,
                    1.6250886381,
                    -2.6499851415,
                    21.9339322359,
                    3.1601370213,
                    -3.5369688775,
                    17.536252622,
                    3.1699200143,
                    -1.7597567778,
                    12.5130341791,
                    1.6234255182,
                    -2.6493317269,
                    15.0244069511,
                    3.1621178987,
                    -3.5362521176,
                    27.4805588197,
                    3.1630188764,
                    -1.7620114396,
                    22.530119682,
                    1.6248602927,
                    -2.6491614135,
                    25.0310289662,
                    1.6248949636,
                    -2.6502342574,
                    20.0423483138,
                    1.6025638992,
                    -2.6304011527,
                    10.3080949247,
